id,employee_id,last_appraisal_score,appraised_by
1,201,8,Head of Business
2,202,10,Head of Human Resources
3,203,7,Head of Business
4,204,10,Head of Business
5,205,10,Head of Human Resources
6,206,7,Head of Business
7,207,6,Head of Business
8,208,6,Head of Business
9,209,7,Head of Business
10,210,7,Head of Department
11,211,10,Head of Human Resources
12,212,10,Head of Business
13,213,7,Head of Human Resources
14,214,8,Head of Department
15,215,9,Head of Business
16,216,8,Head of Business
17,217,7,Head of Department
18,218,10,Head of Human Resources
19,219,6,Head of Business
20,220,7,Head of Department
21,221,9,Head of Department
22,222,9,Head of Human Resources
23,223,8,Head of Department
24,224,8,Head of Human Resources
25,225,7,Head of Business
26,226,7,Head of Business
27,227,9,Head of Department
28,228,9,Head of Business
29,229,9,Head of Human Resources
30,230,9,Head of Human Resources
31,231,9,Head of Human Resources
32,232,10,Head of Business
33,233,8,Head of Human Resources
34,234,6,Head of Department
35,235,10,Head of Department
36,236,6,Head of Business
37,237,6,Head of Business
38,238,10,Head of Department
39,239,9,Head of Human Resources
40,240,10,Head of Human Resources
41,241,8,Head of Human Resources
42,242,10,Head of Human Resources
43,243,6,Head of Human Resources
44,244,10,Head of Department
45,245,6,Head of Human Resources
46,246,8,Head of Department
47,247,9,Head of Department
48,248,8,Head of Human Resources
49,249,7,Head of Human Resources
50,250,7,Head of Department
51,251,10,Head of Department
52,252,6,Head of Human Resources
53,253,10,Head of Business
54,254,7,Head of Business
55,255,10,Head of Business
57,257,6,Head of Human Resources
58,258,8,Head of Human Resources
59,259,8,Head of Human Resources
60,260,7,Head of Business
61,261,7,Head of Department
62,262,9,Head of Business
63,263,8,Head of Human Resources
64,264,9,Head of Business
65,265,7,Head of Business
66,266,8,Head of Human Resources
67,267,6,Head of Department
68,268,10,Head of Human Resources
69,269,8,Head of Human Resources
70,270,9,Head of Business
71,271,6,Head of Business
72,272,9,Head of Business
73,273,6,Head of Department
74,274,10,Head of Department
75,275,6,Head of Business
76,276,7,Head of Business
77,277,9,Head of Department
78,278,7,Head of Business
79,279,10,Head of Department
80,280,7,Head of Department
81,281,8,Head of Department
82,282,8,Head of Department
84,284,8,Head of Business
85,285,6,Head of Business
86,286,10,Head of Human Resources
87,287,8,Head of Department
88,288,7,Head of Business
89,289,8,Head of Business
90,290,6,Head of Human Resources
91,291,10,Head of Business
92,292,10,Head of Human Resources
93,293,10,Head of Business
94,294,10,Head of Department
95,295,6,Head of Department
96,296,10,Head of Human Resources
97,297,6,Head of Human Resources
98,298,7,Head of Human Resources
99,299,9,Head of Department
100,300,10,Head of Business
102,302,7,Head of Business
103,303,7,Head of Department
104,304,9,Head of Business
105,305,8,Head of Department
106,306,8,Head of Department
107,307,8,Head of Department
108,308,6,Head of Department
109,309,9,Head of Department
110,310,9,Head of Human Resources
111,311,7,Head of Human Resources
112,312,6,Head of Business
113,313,9,Head of Department
114,314,8,Head of Department
115,315,8,Head of Department
116,316,7,Head of Business
117,317,9,Head of Department
118,318,10,Head of Department
119,319,10,Head of Human Resources
120,320,8,Head of Department
121,321,6,Head of Department
122,322,7,Head of Human Resources
123,323,10,Head of Department
124,324,8,Head of Business
125,325,10,Head of Business
126,326,6,Head of Business
127,327,7,Head of Department
128,328,10,Head of Human Resources
129,329,6,Head of Business
130,330,8,Head of Business
131,331,6,Head of Business
132,332,9,Head of Business
133,333,6,Head of Human Resources
134,334,10,Head of Department
135,335,9,Head of Human Resources
136,336,10,Head of Human Resources
137,337,9,Head of Department
138,338,7,Head of Human Resources
139,339,9,Head of Department
140,340,9,Head of Human Resources
141,341,6,Head of Department
142,342,10,Head of Human Resources
143,343,6,Head of Human Resources
145,345,9,Head of Business
146,346,8,Head of Department
147,347,9,Head of Department
148,348,8,Head of Human Resources
149,349,6,Head of Department
150,350,6,Head of Human Resources
151,351,10,Head of Business
152,352,8,Head of Human Resources
153,353,10,Head of Business
154,354,9,Head of Business
155,355,9,Head of Business
156,356,10,Head of Human Resources
157,357,6,Head of Human Resources
158,358,8,Head of Human Resources
159,359,9,Head of Business
160,360,6,Head of Department
161,361,6,Head of Human Resources
162,362,8,Head of Business
163,363,6,Head of Department
164,364,10,Head of Department
165,365,6,Head of Department
166,366,6,Head of Department
167,367,9,Head of Department
168,368,10,Head of Business
169,369,10,Head of Human Resources
170,370,8,Head of Department
171,371,9,Head of Department
172,372,6,Head of Business
173,373,6,Head of Human Resources
174,374,8,Head of Department
175,375,7,Head of Department
176,376,10,Head of Department
177,377,8,Head of Department
178,378,7,Head of Human Resources
179,379,7,Head of Business
180,380,6,Head of Department
181,381,6,Head of Business
183,383,10,Head of Business
184,384,6,Head of Department
185,385,10,Head of Business
186,386,7,Head of Human Resources
187,387,7,Head of Department
188,388,10,Head of Business
189,389,10,Head of Department
190,390,10,Head of Business
191,391,7,Head of Department
192,392,8,Head of Business
193,393,6,Head of Department
194,394,10,Head of Department
195,395,8,Head of Department
196,396,10,Head of Human Resources
197,397,9,Head of Business
198,398,6,Head of Department
199,399,9,Head of Department
200,400,9,Head of Human Resources
201,401,9,Head of Business
202,402,6,Head of Department
203,403,9,Head of Department
204,404,7,Head of Business
205,405,9,Head of Human Resources
206,406,10,Head of Human Resources
207,407,6,Head of Business
208,408,9,Head of Business
209,409,8,Head of Department
210,410,9,Head of Department
211,411,9,Head of Human Resources
212,412,8,Head of Business
213,413,7,Head of Human Resources
214,414,6,Head of Business
215,415,7,Head of Business
216,416,7,Head of Department
217,417,7,Head of Human Resources
218,418,6,Head of Human Resources
219,419,9,Head of Department
220,420,8,Head of Department
221,421,6,Head of Business
222,422,6,Head of Human Resources
223,423,9,Head of Human Resources
224,424,7,Head of Business
225,425,6,Head of Department
226,426,10,Head of Business
227,427,10,Head of Department
228,428,8,Head of Business
229,429,8,Head of Business
230,430,6,Head of Human Resources
232,432,7,Head of Human Resources
233,433,6,Head of Department
234,434,9,Head of Business
235,435,7,Head of Department
236,436,10,Head of Human Resources
237,437,6,Head of Human Resources
238,438,9,Head of Business
239,439,10,Head of Business
240,440,10,Head of Department
241,441,6,Head of Business
242,442,9,Head of Human Resources
243,443,8,Head of Business
244,444,10,Head of Department
245,445,10,Head of Business
246,446,10,Head of Department
247,447,7,Head of Department
248,448,7,Head of Business
249,449,9,Head of Human Resources
250,450,9,Head of Business
251,451,6,Head of Department
252,452,10,Head of Human Resources
253,453,10,Head of Human Resources
254,454,6,Head of Business
255,455,6,Head of Business
256,456,6,Head of Business
257,457,10,Head of Business
258,458,8,Head of Business
259,459,8,Head of Department
260,460,7,Head of Department
261,461,9,Head of Business
262,462,7,Head of Business
263,463,6,Head of Department
264,464,8,Head of Business
265,465,7,Head of Department
266,466,7,Head of Business
267,467,7,Head of Human Resources
268,468,10,Head of Department
269,469,6,Head of Human Resources
270,470,7,Head of Human Resources
271,471,9,Head of Human Resources
272,472,9,Head of Business
273,473,6,Head of Department
274,474,8,Head of Human Resources
275,475,10,Head of Business
276,476,7,Head of Department
277,477,9,Head of Business
278,478,8,Head of Department
279,479,7,Head of Department
281,481,10,Head of Human Resources
282,482,7,Head of Department
283,483,9,Head of Human Resources
284,484,9,Head of Business
285,485,7,Head of Business
286,486,6,Head of Human Resources
287,487,9,Head of Human Resources
290,490,10,Head of Business
291,491,6,Head of Business
292,492,7,Head of Human Resources
293,493,10,Head of Business
294,494,9,Head of Human Resources
295,495,7,Head of Department
296,496,6,Head of Department
297,497,9,Head of Department
298,498,10,Head of Human Resources
299,499,7,Head of Human Resources
300,500,10,Head of Human Resources
301,501,8,Head of Human Resources
302,502,6,Head of Human Resources
303,503,6,Head of Business
304,504,7,Head of Department
305,505,8,Head of Human Resources
306,506,9,Head of Human Resources
307,507,9,Head of Department
308,508,10,Head of Human Resources
309,509,10,Head of Business
310,510,8,Head of Human Resources
311,511,8,Head of Department
312,512,6,Head of Department
314,514,6,Head of Human Resources
315,515,7,Head of Business
316,516,10,Head of Business
317,517,7,Head of Business
318,518,7,Head of Department
319,519,7,Head of Human Resources
320,520,6,Head of Department
321,521,8,Head of Department
322,522,7,Head of Department
323,523,7,Head of Business
324,524,10,Head of Business
325,525,10,Head of Business
326,526,9,Head of Department
327,527,10,Head of Business
328,528,10,Head of Human Resources
329,529,10,Head of Human Resources
330,530,8,Head of Business
331,531,10,Head of Human Resources
332,532,9,Head of Department
333,533,10,Head of Human Resources
334,534,9,Head of Human Resources
335,535,7,Head of Human Resources
336,536,10,Head of Business
337,537,6,Head of Business
338,538,7,Head of Human Resources
339,539,6,Head of Human Resources
340,540,10,Head of Department
341,541,6,Head of Human Resources
342,542,8,Head of Department
343,543,7,Head of Human Resources
344,544,8,Head of Department
345,545,9,Head of Department
346,546,7,Head of Human Resources
347,547,8,Head of Business
348,548,8,Head of Department
349,549,6,Head of Human Resources
350,550,6,Head of Human Resources
351,551,10,Head of Human Resources
352,552,6,Head of Department
353,553,9,Head of Human Resources
354,554,9,Head of Human Resources
355,555,6,Head of Human Resources
356,556,7,Head of Business
357,557,10,Head of Business
358,558,6,Head of Department
359,559,6,Head of Business
361,561,7,Head of Department
362,562,8,Head of Human Resources
363,563,7,Head of Human Resources
364,564,10,Head of Business
365,565,10,Head of Business
366,566,6,Head of Department
367,567,7,Head of Department
368,568,8,Head of Human Resources
369,569,10,Head of Department
370,570,7,Head of Human Resources
371,571,9,Head of Department
372,572,6,Head of Human Resources
373,573,8,Head of Human Resources
374,574,8,Head of Human Resources
375,575,10,Head of Business
376,576,6,Head of Human Resources
377,577,10,Head of Department
378,578,9,Head of Human Resources
379,579,9,Head of Human Resources
380,580,6,Head of Business
381,581,8,Head of Human Resources
382,582,7,Head of Department
383,583,8,Head of Human Resources
384,584,8,Head of Human Resources
385,585,6,Head of Department
386,586,10,Head of Business
387,587,10,Head of Department
388,588,10,Head of Human Resources
389,589,7,Head of Human Resources
390,590,8,Head of Business
391,591,9,Head of Business
392,592,8,Head of Human Resources
393,593,10,Head of Business
394,594,10,Head of Department
395,595,9,Head of Department
396,596,9,Head of Business
397,597,6,Head of Business
398,598,10,Head of Human Resources
399,599,6,Head of Department
400,600,9,Head of Business
401,601,8,Head of Human Resources
402,602,10,Head of Business
403,603,9,Head of Department
404,604,6,Head of Department
405,605,8,Head of Business
406,606,6,Head of Human Resources
407,607,7,Head of Human Resources
408,608,9,Head of Business
409,609,10,Head of Department
410,610,7,Head of Business
411,611,9,Head of Department
412,612,7,Head of Business
414,614,7,Head of Business
415,615,7,Head of Business
416,616,8,Head of Human Resources
417,617,9,Head of Department
418,618,8,Head of Department
